Workbook
Name cable: Factors!$C$5:$C$19
Name tru: Factors!$L$22:$M$58
Name ty: Factors!$B$6:$B$7

Sheet Trunking Size
B2: Calculate Cable Trunking Size
B3: Jignesh.Parmar, www.electricalnotes.wordpress.com
B5: Sr.No | C5: Type of Cable | D5: Size of Cable | E5: No of Cable | F5: Cable Factor
B6: 1 | C6: Stranded | D6: 1.5 Sq.mm | E6: 30 | F6: =SUMIFS(Factors!$D$5:$D$19,Factors!$B$5:$B$19,'Trunking Size'!C6,cable,'Trunking Size'!D6)*E6 -> 243
C7: Stranded | D7: 10 Sq.mm | E7: 10 | F7: =SUMIFS(Factors!$D$5:$D$19,Factors!$B$5:$B$19,'Trunking Size'!C7,cable,'Trunking Size'!D7)*E7 -> 363
C8: Stranded | D8: 35 Sq.mm | E8: 5 | F8: =SUMIFS(Factors!$D$5:$D$19,Factors!$B$5:$B$19,'Trunking Size'!C8,cable,'Trunking Size'!D8)*E8 -> 475
C9: Stranded | D9: 4 Sq.mm | E9: 10 | F9: =SUMIFS(Factors!$D$5:$D$19,Factors!$B$5:$B$19,'Trunking Size'!C9,cable,'Trunking Size'!D9)*E9 -> 152
F10: =SUMIFS(Factors!$D$5:$D$19,Factors!$B$5:$B$19,'Trunking Size'!C10,cable,'Trunking Size'!D10)*E10 -> 0
F11: =SUMIFS(Factors!$D$5:$D$19,Factors!$B$5:$B$19,'Trunking Size'!C11,cable,'Trunking Size'!D11)*E11 -> 0
F12: =SUMIFS(Factors!$D$5:$D$19,Factors!$B$5:$B$19,'Trunking Size'!C12,cable,'Trunking Size'!D12)*E12 -> 0
F13: =SUMIFS(Factors!$D$5:$D$19,Factors!$B$5:$B$19,'Trunking Size'!C13,cable,'Trunking Size'!D13)*E13 -> 0
F14: =SUMIFS(Factors!$D$5:$D$19,Factors!$B$5:$B$19,'Trunking Size'!C14,cable,'Trunking Size'!D14)*E14 -> 0
F15: =SUMIFS(Factors!$D$5:$D$19,Factors!$B$5:$B$19,'Trunking Size'!C15,cable,'Trunking Size'!D15)*E15 -> 0
F16: =SUMIFS(Factors!$D$5:$D$19,Factors!$B$5:$B$19,'Trunking Size'!C16,cable,'Trunking Size'!D16)*E16 -> 0
F17: =SUMIFS(Factors!$D$5:$D$19,Factors!$B$5:$B$19,'Trunking Size'!C17,cable,'Trunking Size'!D17)*E17 -> 0
F18: =SUMIFS(Factors!$D$5:$D$19,Factors!$B$5:$B$19,'Trunking Size'!C18,cable,'Trunking Size'!D18)*E18 -> 0
F19: =SUMIFS(Factors!$D$5:$D$19,Factors!$B$5:$B$19,'Trunking Size'!C19,cable,'Trunking Size'!D19)*E19 -> 0
F20: =SUMIFS(Factors!$D$5:$D$19,Factors!$B$5:$B$19,'Trunking Size'!C20,cable,'Trunking Size'!D20)*E20 -> 0
F21: =SUMIFS(Factors!$D$5:$D$19,Factors!$B$5:$B$19,'Trunking Size'!C21,cable,'Trunking Size'!D21)*E21 -> 0
... F26: =SUMIFS(Factors!$D$5:$D$19,Factors!$B$5:$B$19,'Trunking Size'!C26,cable,'Trunking Size'!D26)*E26 -> 0
B27: Total Cable Factor: | F27: =SUM(F6:F26) -> 1233
B28: Future Expansion: | F28: 0.05
B29: Total Cable Factor After Future Expansion: | F29: =F27+(F27*F28) -> 1294.65
B31: Cable Trunking Size: | F31: =VLOOKUP(F29,tru,2,TRUE) -> 75 X 37.5 | G31: mm

Sheet Factors
B3: Cable Factor for Trunking as per IEEE
B4: Type of Cable | C4: Size of Cable | D4: Cable Factor
B5: Solid | C5: 1.5 Sq.mm | D5: 7.1
B6: Solid | C6: 2.5 Sq.mm | D6: 10.2
B7: Stranded | C7: 1.5 Sq.mm | D7: 8.1
B8: Stranded | C8: 2.5 Sq.mm | D8: 11.4
B9: Stranded | C9: 4 Sq.mm | D9: 15.2
B10: Stranded | C10: 6 Sq.mm | D10: 22.9
B11: Stranded | C11: 10 Sq.mm | D11: 36.3
B12: Stranded | C12: 16 Sq.mm | D12: 50.3
B13: Stranded | C13: 25 Sq.mm | D13: 75.4
B14: Stranded | C14: 35 Sq.mm | D14: 95
B15: Stranded | C15: 50 Sq.mm | D15: 132.7
B16: Stranded | C16: 70 Sq.mm | D16: 176.7
... B19: Stranded | C19: 150 Sq.mm | D19: 346
B21: Trunking Factor As per IEEE
B22: Trunking Size (mm) | C22: Factor | L22: 1 | M22: 75 X 25
B23: 75 X 25 | C23: 738 | L23: =C23 -> 738 | M23: =B23 -> 75 X 25
B24: 50 X 37.5 | C24: 767 | L24: =C24 -> 767 | M24: =B24 -> 50 X 37.5
B25: 100 X 50 | C25: 993 | L25: =C25 -> 993 | M25: =B25 -> 100 X 50
B26: 50 x 50 | C26: 1037 | L26: =C26 -> 1037 | M26: =B26 -> 50 x 50
B27: 75 X 37.5 | C27: 1146 | L27: =C27 -> 1146 | M27: =B27 -> 75 X 37.5
B28: 100 X 37.5 | C28: 1542 | L28: =C28 -> 1542 | M28: =B28 -> 100 X 37.5
B29: 75 X 50 | C29: 1555 | L29: =C29 -> 1555 | M29: =B29 -> 75 X 50
B30: 100 X 50 | C30: 2091 | L30: =C30 -> 2091 | M30: =B30 -> 100 X 50
B31: 75 X 75 | C31: 2371 | L31: =C31 -> 2371 | M31: =B31 -> 75 X 75
B32: 150 X 50 | C32: 3161 | L32: =C32 -> 3161 | M32: =B32 -> 150 X 50
B33: 100 X 75 | C33: 3189 | L33: =C33 -> 3189 | M33: =B33 -> 100 X 75
B34: 100 X 100 | C34: 4252 | L34: =C34 -> 4252 | M34: =B34 -> 100 X 100
... B58: 300 X 300 | C58: 39428 | L58: =C58 -> 39428 | M58: =B58 -> 300 X 300
